{"cameraMode":{"drawMode":0,"name":"Shaded","section":"Shading Mode"},"sceneLighting":true,"audioPlay":false,"sceneViewState":{"m_AlwaysRefresh":false,"showFog":true,"showSkybox":true,"showFlares":true,"showImageEffects":true,"showParticleSystems":true,"showVisualEffectGraphs":true,"m_FxEnabled":true},"in2DMode":false,"pivot":{"x":5.535055160522461,"y":-0.7262382507324219,"z":-3.721750259399414},"rotation":{"x":-0.061066560447216037,"y":0.9388845562934876,"z":-0.2345525473356247,"w":-0.24444174766540528},"size":13.608617782592774,"orthographic":false}